ads,sales
10,18.570080745238457
20,25.127564988738506
30,24.551757391468268
40,34.46718002259737
50,34.88471804840842
60,45.52585290332787
70,48.71856065918018
80,51.50180239867482
90,56.042757658156
100,63.124736624551495
