ads,sales,predicted
10,18.570080745238457,18.28212605129481
20,25.127564988738506,23.164209405236882
30,24.551757391468268,28.046292759178954
40,34.46718002259737,32.928376113121026
50,34.88471804840842,37.8104594670631
60,45.52585290332787,42.69254282100517
70,48.71856065918018,47.57462617494724
80,51.50180239867482,52.45670952888931
90,56.042757658156,57.338792882831385
100,63.124736624551495,62.22087623677346
