x,actual_y,predicted_y
1,2.3,2.2963636363636297
2,3.1,3.446060606060601
3,4.5,4.595757575757572
4,6.0,5.7454545454545425
5,7.4,6.895151515151515
6,7.9,8.044848484848485
7,9.2,9.194545454545457
8,10.5,10.344242424242427
9,11.1,11.493939393939398
10,12.7,12.64363636363637
